id,category,filename,original_width,original_height,original_bytes,preview
studio-001,studio,06-1.jpg,8192,5464,22652397,images/studio-001.jpg
studio-002,studio,전경스케치/06-1.jpg,8192,5464,22652397,images/studio-002.jpg
studio-003,studio,06-2.jpg,4032,3024,7914751,images/studio-003.jpg
studio-004,studio,전경스케치/06-2.jpg,4032,3024,7914751,images/studio-004.jpg
studio-005,studio,06-3.jpg,8332,3878,22267109,images/studio-005.jpg
studio-006,studio,전경스케치/06-3.jpg,8332,3878,22267109,images/studio-006.jpg
studio-007,studio,06-4.jpg,5712,4284,14171699,images/studio-007.jpg
studio-008,studio,전경스케치/06-4.jpg,5712,4284,14171699,images/studio-008.jpg
studio-009,studio,06-5.jpg,16313,9452,81689324,images/studio-009.jpg
studio-010,studio,전경스케치/06-5.jpg,16313,9452,81689324,images/studio-010.jpg
studio-011,studio,07-1.jpg,5464,8192,32214623,images/studio-011.jpg
studio-012,studio,전경스케치/07-1.jpg,5464,8192,32214623,images/studio-012.jpg
studio-013,studio,07-2.jpg,8192,5464,31422117,images/studio-013.jpg
studio-014,studio,전경스케치/07-2.jpg,8192,5464,31422117,images/studio-014.jpg
studio-015,studio,07-3.jpg,8192,5464,36356438,images/studio-015.jpg
studio-016,studio,전경스케치/07-3.jpg,8192,5464,36356438,images/studio-016.jpg
studio-017,studio,07-4.jpg,7671,5050,51526270,images/studio-017.jpg
studio-018,studio,전경스케치/07-4.jpg,7671,5050,51526270,images/studio-018.jpg
studio-019,studio,07-5.jpg,7115,4255,28492430,images/studio-019.jpg
studio-020,studio,전경스케치/07-5.jpg,7115,4255,28492430,images/studio-020.jpg
studio-021,studio,07-6.jpg,7667,4559,22600513,images/studio-021.jpg
studio-022,studio,전경스케치/07-6.jpg,7667,4559,22600513,images/studio-022.jpg
studio-023,studio,07-7.jpg,8019,5321,30576287,images/studio-023.jpg
studio-024,studio,전경스케치/07-7.jpg,8019,5321,30576287,images/studio-024.jpg
studio-025,studio,07-8.jpg,8192,5464,34517975,images/studio-025.jpg
studio-026,studio,전경스케치/07-8.jpg,8192,5464,34517975,images/studio-026.jpg
studio-027,studio,07-9.jpg,8192,5464,39109774,images/studio-027.jpg
studio-028,studio,전경스케치/07-9.jpg,8192,5464,39109774,images/studio-028.jpg
studio-029,studio,07-10.jpg,8192,5464,39269951,images/studio-029.jpg
studio-030,studio,전경스케치/07-10.jpg,8192,5464,39269951,images/studio-030.jpg
studio-031,studio,07-11.jpg,8192,5464,39077201,images/studio-031.jpg
studio-032,studio,전경스케치/07-11.jpg,8192,5464,39077201,images/studio-032.jpg
studio-033,studio,07-12.jpg,8192,5464,40630126,images/studio-033.jpg
studio-034,studio,전경스케치/07-12.jpg,8192,5464,40630126,images/studio-034.jpg
studio-035,studio,07-13.jpg,8192,5464,24291042,images/studio-035.jpg
studio-036,studio,전경스케치/07-13.jpg,8192,5464,24291042,images/studio-036.jpg
studio-037,studio,07-14.jpg,8192,5464,25143566,images/studio-037.jpg
studio-038,studio,전경스케치/07-14.jpg,8192,5464,25143566,images/studio-038.jpg
studio-039,studio,07-15.jpg,8192,5464,24428655,images/studio-039.jpg
studio-040,studio,전경스케치/07-15.jpg,8192,5464,24428655,images/studio-040.jpg
studio-041,studio,07-16.jpg,8192,5464,26119639,images/studio-041.jpg
studio-042,studio,전경스케치/07-16.jpg,8192,5464,26119639,images/studio-042.jpg
studio-043,studio,07-17.jpg,8192,5464,23503999,images/studio-043.jpg
studio-044,studio,전경스케치/07-17.jpg,8192,5464,23503999,images/studio-044.jpg
studio-045,studio,07-18-1.jpg,8192,5464,33661457,images/studio-045.jpg
studio-046,studio,07-18-2.jpg,5464,8192,33403390,images/studio-046.jpg
studio-047,studio,07-18-3.jpg,8192,5464,34582784,images/studio-047.jpg
studio-048,studio,07-18.jpg,8192,5464,31753973,images/studio-048.jpg
studio-049,studio,전경스케치/07-18.jpg,8192,5464,31753973,images/studio-049.jpg
studio-050,studio,07-19.jpg,9721,7140,40334517,images/studio-050.jpg
studio-051,studio,전경스케치/07-19.jpg,9721,7140,40334517,images/studio-051.jpg
studio-052,studio,07-20-1.jpg,3024,4032,11737763,images/studio-052.jpg
studio-053,studio,전경스케치/07-20-1.jpg,3024,4032,11737763,images/studio-053.jpg
studio-054,studio,07-20-2.jpg,3024,4032,11230560,images/studio-054.jpg
studio-055,studio,전경스케치/07-20-2.jpg,3024,4032,11230560,images/studio-055.jpg
studio-056,studio,07-20-3.jpg,10106,3902,27937408,images/studio-056.jpg
studio-057,studio,전경스케치/07-20-3.jpg,10106,3902,27937408,images/studio-057.jpg
studio-058,studio,07-20.jpg,5464,8074,39817485,images/studio-058.jpg
studio-059,studio,전경스케치/07-20.jpg,5464,8074,39817485,images/studio-059.jpg
studio-060,studio,07-21.jpg,5464,8192,43545631,images/studio-060.jpg
studio-061,studio,전경스케치/07-21.jpg,5464,8192,43545631,images/studio-061.jpg
studio-062,studio,07-22.jpg,5464,8192,40260176,images/studio-062.jpg
studio-063,studio,전경스케치/07-22.jpg,5464,8192,40260176,images/studio-063.jpg
studio-064,studio,07-23.jpg,5464,8192,38396881,images/studio-064.jpg
studio-065,studio,전경스케치/07-23.jpg,5464,8192,38396881,images/studio-065.jpg
studio-066,studio,07-24.jpg,5464,8192,48694015,images/studio-066.jpg
studio-067,studio,전경스케치/07-24.jpg,5464,8192,48694015,images/studio-067.jpg
studio-068,studio,07-25.jpg,8192,5464,46879547,images/studio-068.jpg
studio-069,studio,전경스케치/07-25.jpg,8192,5464,46879547,images/studio-069.jpg
studio-070,studio,07-26.jpg,8192,5464,31558412,images/studio-070.jpg
studio-071,studio,전경스케치/07-26.jpg,8192,5464,31558412,images/studio-071.jpg
studio-072,studio,07-27.jpg,8192,5464,33955357,images/studio-072.jpg
studio-073,studio,전경스케치/07-27.jpg,8192,5464,33955357,images/studio-073.jpg
studio-074,studio,07-28.jpg,8192,5464,34134060,images/studio-074.jpg
studio-075,studio,전경스케치/07-28.jpg,8192,5464,34134060,images/studio-075.jpg
studio-076,studio,07-29.jpg,7882,5298,34380837,images/studio-076.jpg
studio-077,studio,전경스케치/07-29.jpg,7882,5298,34380837,images/studio-077.jpg
studio-078,studio,07-30.jpg,8192,5464,38002642,images/studio-078.jpg
studio-079,studio,전경스케치/07-30.jpg,8192,5464,38002642,images/studio-079.jpg
studio-080,studio,07-31.jpg,8192,5464,39176240,images/studio-080.jpg
studio-081,studio,전경스케치/07-31.jpg,8192,5464,39176240,images/studio-081.jpg
studio-082,studio,07-32.jpg,8192,5464,37577403,images/studio-082.jpg
studio-083,studio,전경스케치/07-32.jpg,8192,5464,37577403,images/studio-083.jpg
studio-084,studio,07-33.jpg,8192,5464,31983373,images/studio-084.jpg
studio-085,studio,전경스케치/07-33.jpg,8192,5464,31983373,images/studio-085.jpg
studio-086,studio,07-34.jpg,8192,5464,32727191,images/studio-086.jpg
studio-087,studio,전경스케치/07-34.jpg,8192,5464,32727191,images/studio-087.jpg
studio-088,studio,08-01.jpg,5069,5170,7620267,images/studio-088.jpg
studio-089,studio,08-02.jpg,5453,5518,11305008,images/studio-089.jpg
studio-090,studio,08-03.jpg,3955,4419,6426394,images/studio-090.jpg
studio-091,studio,08-04.jpg,3740,3448,4816163,images/studio-091.jpg
studio-092,studio,09-01.jpg,5081,4811,9766948,images/studio-092.jpg
studio-093,studio,09-02.jpg,5189,4535,9160464,images/studio-093.jpg
studio-094,studio,09-03.jpg,4193,3989,6817850,images/studio-094.jpg
studio-095,studio,09-04.jpg,3246,2868,4368175,images/studio-095.jpg
studio-096,studio,10-01.jpg,4901,4847,9990789,images/studio-096.jpg
studio-097,studio,10-02.jpg,4554,4031,8121035,images/studio-097.jpg
studio-098,studio,10-03.jpg,4180,4276,7514356,images/studio-098.jpg
studio-099,studio,11-01.jpg,5226,5770,8730625,images/studio-099.jpg
studio-100,studio,11-02.jpg,5464,5698,11180222,images/studio-100.jpg
studio-101,studio,11-03.jpg,4806,4834,8047974,images/studio-101.jpg
studio-102,studio,11-04.jpg,3907,3779,5086715,images/studio-102.jpg
studio-103,studio,12-01.jpg,3020,2688,3090485,images/studio-103.jpg
studio-104,studio,12-02.jpg,3701,3408,4887758,images/studio-104.jpg
studio-105,studio,13-01.jpg,4996,4392,11842401,images/studio-105.jpg
studio-106,studio,13-02.jpg,4542,4019,9444946,images/studio-106.jpg
studio-107,studio,13-03.jpg,3921,3836,10434703,images/studio-107.jpg
studio-108,studio,13-04.jpg,3728,3563,8752856,images/studio-108.jpg
studio-109,studio,13-05.jpg,3944,3923,9397329,images/studio-109.jpg
studio-110,studio,13-06.jpg,3416,3107,4760197,images/studio-110.jpg
studio-111,studio,13-07.jpg,3140,3227,5175428,images/studio-111.jpg
studio-112,studio,14-01.jpg,8192,5464,26560203,images/studio-112.jpg
studio-113,studio,14-02.jpg,6241,4718,21355238,images/studio-113.jpg
studio-114,studio,14-03.jpg,8192,5464,22561134,images/studio-114.jpg
studio-115,studio,14-04.jpg,6141,5464,18021122,images/studio-115.jpg
studio-116,studio,15-01.jpg,8192,5464,26725830,images/studio-116.jpg
studio-117,studio,15-02.jpg,8192,5464,15583335,images/studio-117.jpg
studio-118,studio,15-03.jpg,8192,5464,22457770,images/studio-118.jpg
studio-119,studio,16-01.jpg,4790,4391,14589615,images/studio-119.jpg
studio-120,studio,16-02.jpg,7275,5464,23480170,images/studio-120.jpg
studio-121,studio,17-01.jpg,5765,5226,15941347,images/studio-121.jpg
studio-122,studio,17-02.jpg,6094,5020,16233171,images/studio-122.jpg
studio-123,studio,18-01.jpg,6469,5345,21490512,images/studio-123.jpg
studio-124,studio,18-02.jpg,7605,5403,24652584,images/studio-124.jpg
studio-125,studio,18-03.jpg,6173,5169,20336376,images/studio-125.jpg
studio-126,studio,19-01.jpg,5267,4306,11757546,images/studio-126.jpg
studio-127,studio,20-01.jpg,7594,5464,25301131,images/studio-127.jpg
studio-128,studio,20-02.jpg,6580,4644,16325247,images/studio-128.jpg
studio-129,studio,21-01.jpg,7102,5357,21717827,images/studio-129.jpg
studio-130,studio,21-02.jpg,7557,5464,22912167,images/studio-130.jpg
studio-131,studio,21-03.jpg,8192,5464,24852597,images/studio-131.jpg
studio-132,studio,22-01.jpg,7279,5464,25844641,images/studio-132.jpg
studio-133,studio,22-02.jpg,6563,5464,21999233,images/studio-133.jpg
studio-134,studio,23-01.jpg,5322,7678,22764799,images/studio-134.jpg
studio-135,studio,23-02.jpg,8192,5464,47200630,images/studio-135.jpg
studio-136,studio,23-03.jpg,5464,8192,25726718,images/studio-136.jpg
studio-137,studio,23-04.jpg,5464,8192,25879166,images/studio-137.jpg
studio-138,studio,23-05.jpg,5464,8192,25594795,images/studio-138.jpg
studio-139,studio,23-06.jpg,7723,5376,22964446,images/studio-139.jpg
studio-140,studio,24-01.jpg,6543,5246,17105496,images/studio-140.jpg
studio-141,studio,24-02.jpg,1463,1487,1528038,images/studio-141.jpg
studio-142,studio,25-01.jpg,7514,5254,22722676,images/studio-142.jpg
studio-143,studio,25-02.jpg,8192,5464,20692708,images/studio-143.jpg
studio-144,studio,25-03.jpg,5464,8192,27597977,images/studio-144.jpg
studio-145,studio,25-04.jpg,8192,5464,26356855,images/studio-145.jpg
studio-146,studio,25-05.jpg,8192,5464,33453949,images/studio-146.jpg
studio-147,studio,25-06.jpg,8192,5464,15781729,images/studio-147.jpg
ai-001,ai,Codex 이미지 2026년 9월 13일 오후 06_01_52.png,1536,1024,1980693,images/ai-001.jpg
ai-002,ai,Codex 이미지 2026년 9월 13일 오후 06_02_20.png,1672,941,1374744,images/ai-002.jpg
ai-003,ai,Codex 이미지 2026년 9월 13일 오후 06_02_25.png,1672,941,1748068,images/ai-003.jpg
ai-004,ai,Codex 이미지 2026년 9월 13일 오후 06_02_29.png,1536,1024,2335193,images/ai-004.jpg
ai-005,ai,Codex 이미지 2026년 9월 13일 오후 06_02_33.png,1536,1024,2284948,images/ai-005.jpg
ai-006,ai,Codex 이미지 2026년 9월 13일 오후 06_02_41.png,1536,1024,1944895,images/ai-006.jpg
ai-007,ai,Codex 이미지 2026년 9월 13일 오후 06_02_48.png,1536,1024,2148027,images/ai-007.jpg
ai-008,ai,Codex 이미지 2026년 9월 13일 오후 06_02_52.png,1536,1024,2270906,images/ai-008.jpg
ai-009,ai,Codex 이미지 2026년 9월 13일 오후 06_02_58.png,1536,1024,2183212,images/ai-009.jpg
ai-010,ai,Codex 이미지 2026년 9월 13일 오후 06_03_04.png,1536,1024,1729341,images/ai-010.jpg
ai-011,ai,Codex 이미지 2026년 9월 13일 오후 06_03_07.png,1536,1024,2243509,images/ai-011.jpg
ai-012,ai,Codex 이미지 2026년 9월 13일 오후 06_03_13.png,1536,1024,2172568,images/ai-012.jpg
ai-013,ai,Codex 이미지 2026년 9월 13일 오후 06_03_20.png,1536,1024,1661388,images/ai-013.jpg
ai-014,ai,Codex 이미지 2026년 9월 13일 오후 06_03_23.png,1536,1024,1743800,images/ai-014.jpg
ai-015,ai,Codex 이미지 2026년 9월 13일 오후 06_03_26.png,1536,1024,1793370,images/ai-015.jpg
ai-016,ai,Codex 이미지 2026년 9월 13일 오후 06_32_37.png,1536,1024,1824232,images/ai-016.jpg
ai-017,ai,samho-logo-blue-square-300ppi.png,1254,1254,1190740,images/ai-017.jpg
ai-018,ai,samho-logo-blue-square-300ppi.tif,1254,1254,987008,images/ai-018.jpg
